ra,dec,mag, num
83.24867,-4.15431,14.1,1
82.758,-4.56,15.0,2
55.00775,24.77394,14.84,3
57.56262,22.67347,15.7,4
112.276733,43.540414,14.581,5
310.51125,44.31683,14.0,6
27.76688,-6.118,11.16,7
310.3815,41.81944,15.2,8
130.279,19.022,50.0,9
56.84679,22.24453,12.72,10
84.15767,-3.72917,15.5,11
100.26642,9.96931,14.277,12
310.90467,43.30397,13.9,13
58.72729,23.04692,15.3,14
84.039287,-5.774078,14.72,15
57.05188,26.58383,12.12,16
333.398728,25.9695925,10.7,17
83.9867,-4.6942,15.1,18
216.9836065,-0.3753034,10.92,19
246.70067,-17.39267,14.329,20
100.8263,9.5861,16.3,21
84.00775,-5.2935,11.63,22
207.20258,4.10064,10.8,23
50.59837,61.62947,15.3,24
56.27567,22.643,14.2,25
57.10629,22.21158,12.479,26
56.07396,24.44636,14.0,27
130.546,20.67,15.0,28
83.29388,-5.70681,14.9,29
315.85021,1.20931,50.0,30
83.41038,-6.81094,13.9,31
57.08575,23.51714,15.0,32
66.583,3.60997,14.3,33
58.058,23.333,50.0,34
312.15462,45.78761,14.5,35
100.041371,40.93965,13.595,36
130.6462,20.695,14.8,37
83.26913,-4.99603,14.4,38
280.290733,24.787322,8.9,39
70.35304,23.06175,13.0,40
55.00075,23.435015,13.366,41
83.02592,-4.93608,14.06,42
55.20363,24.68067,14.9,43
56.04733,23.85861,15.2,44
195.52446,12.37267,10.0,45
83.3675,-5.0794,19.6,46
83.72325,-4.355,13.9,47
188.4021,28.1114,14.1,48
81.653,-5.7405,14.8,49
83.34333,-5.54264,14.5,50
38.404882,24.927567,10.0,51
356.08683,21.60139,10.4,52
83.17488,-5.65667,14.9,53
294.23895,44.876639,19.3,54
54.873805,24.9673748,9.9,55
68.67,24.77,18.8,56
228.15908,45.72956,10.1,57
100.42437,9.55061,17.5,58
84.74754,-4.51056,16.3,59
209.793575,-19.834292,9.9,60
85.52125,-5.18572,14.0,61
82.78396,-7.07156,15.0,62
67.62663,22.49842,16.1,63
130.2996,19.8989,13.5,64
40.44713,-52.99186,12.21,65
128.621,19.26,12.0,66
268.410742,29.207317,13.028,67
55.27517,22.88911,15.1,68
70.612,24.827,16.0,69
84.110278,-6.104536,15.391,70
232.97612,28.85267,10.9,71
100.30542,9.53064,14.64,72
58.05075,26.36919,13.825,73
83.40229,-4.20656,14.5,74
83.951183,-6.299833,14.235,75
258.401462,78.613458,19.7,76
304.2945,42.62192,15.2,77
57.40217,24.304,14.2,78
84.5,-7.28,14.8,79
38.8117,2.7992,13.7,80
83.930825,-5.545583,13.152,81
83.89288,-7.28236,12.7,82
83.7579,-4.6431,18.4,83
82.75,-4.22,50.0,84
56.825587,24.036506,12.14,85
297.7888436,46.4833925,10.4,86
84.59779,-7.55233,13.42,87
164.11385,7.01013,50.0,88
83.942083,-6.877358,11.29,89
57.69546,48.21031,16.52,90
273.27737,26.03108,10.4,91
67.79904,26.55456,14.7,92
69.036208,23.475358,12.7,93
7.888358,11.609981,19.8,94
66.68854,25.34497,15.3,95
315.1079,44.5175,15.5,96
68.55725,22.445744,14.2,97
77.29154,15.45903,10.2,98
83.1563,-5.2114,15.4,99
84.03829,-5.85081,15.6,100
249.02346,8.81367,10.4,101
83.9035,-6.27528,13.075,102
337.226671,-13.421628,17.14,103
52.22642,50.27178,14.1,104
85.57,-4.32,14.5,105
5.60500696,6.66755281,10.2,106
55.229332,22.349735,13.77,107
313.337,45.073,16.3,108
100.12,9.85,17.5,109
219.6896,-43.2403,50.0,110
267.542,-35.837,16.0,111
54.15679,23.46511,15.6,112
56.908608,24.891842,12.5,113
84.04367,-3.81361,15.6,114
84.706242,-4.852311,14.31,115
84.51242,-6.32514,15.0,116
55.96729,24.84161,16.0,117
314.4605,55.43931,15.7,118
56.41788,24.84411,15.4,119
58.77604,23.00958,12.6,120
48.0783,61.0517,11.9,121
57.80425,22.30689,15.7,122
57.55108,23.99592,13.04,123
56.10992,26.04183,14.2,124
116.820555,29.9602306,12.744,125
83.9075,-4.2408,13.5,126
57.73925,24.10861,14.081,127
109.075085,33.152882,11.1,128
9.503454,40.439783,15.4,129
51.82567,47.95758,12.7,130
84.31625,-4.63011,14.8,131
315.575896,45.084911,15.5,132
83.662008,-6.422733,13.15,133
58.34046,25.64314,15.0,134
83.61954,-6.36889,13.816,135
82.69167,-7.50789,14.2,136
57.8849,24.618586,12.2,137
58.3542,23.6308,15.3,138
55.97571,22.30006,14.8,139
68.32,24.37,17.2,140
57.2055,23.97733,11.5,141
4.59535549,44.02295229,6.4,142
101.329021,-16.802608,8.9,143
307.2804,40.4367,15.5,144
83.3454,-5.1133,14.5,145
83.500983,-4.3548,17.1,146
90.014562,2.706575,8.43,147
84.10221,-5.11919,15.4,148
55.17737,25.7055,11.618,149
58.45383,25.35397,14.9,150
56.666496,23.988144,15.2,151
57.65588,22.469,15.16,152
55.67667,23.33942,13.823,153
130.679,19.77,15.5,154
171.086054,42.478497,16.325,155
56.72513,25.24583,13.76,156
56.894921,22.801353,14.84,157
36.6735,59.78556,13.7,158
83.578579,-5.117111,16.2,159
55.34533,23.93008,14.76,160
55.66763,23.98939,11.6,161
312.77333,68.923,16.0,162
266.983,-35.735,16.0,163
83.53196,-6.58619,15.2,164
335.87123928,32.45942088,9.7,165
149.913275,48.798511,12.137,166
311.275,42.617,16.2,167
4.23658,20.06531,10.7,168
315.24854,42.99681,13.3,169
100.29296,9.36375,14.44,170
67.31987,23.06189,13.6,171
83.6058,-4.5519,15.4,172
83.786246,-6.084014,12.49,173
83.755683,-5.931881,13.02,174
83.45,-5.52,14.8,175
83.5962,-4.5992,15.3,176
184.879,25.223,16.2,177
280.842225,40.672492,13.8,178
56.545237,23.621789,14.9,179
22.162237,5.501314,50.0,180
56.29504,23.04956,15.35,181
83.03696,-7.05392,13.9,182
82.34392,-7.39492,13.7,183
58.50896,24.31942,15.9,184
83.942229,-4.291636,13.8,185
312.2765,66.44864,16.4,186
84.1071,-7.7897,15.5,187
1.35178452,-37.3573614,6.432,188
52.2065374,26.4867634,10.5,189
56.233308,23.931539,14.4,190
55.72217,23.51875,14.5,191
82.67354,-4.89853,15.8,192
83.466717,-5.115494,14.27,193
330.535,49.121475,12.777,194
83.92,-4.23,14.9,195
56.01871,25.85628,11.559,196
81.9896,-4.0119,16.1,197
66.417,21.963,14.5,198
200.90854,-25.9125,10.11,199
83.673792,-5.448056,13.972,200
225.48650991,40.39056683,2.37,201
84.44062,-5.88561,14.4,202
56.469774,23.465094,15.08,203
56.85746,25.14253,13.98,204
99.93996,10.38156,14.8,205
65.9598374,14.9215225,13.08,206
310.83004,55.34781,11.1,207
83.82,-5.67,16.2,208
82.26008,-5.65908,16.7,209
82.44692,-7.06928,16.2,210
315.371,40.68,15.7,211
280.68746,13.90467,9.95,212
58.55535,25.474697,15.2,213
83.619488,-4.577661,14.13,214
55.12921,24.36139,14.7,215
83.944,-4.43686,14.4,216
35.60963,61.59311,11.3,217
303.707296,1.886328,18.63,218
57.05738,23.63322,14.79,219
142.504671,38.580272,15.237,220
57.63308,22.14661,15.4,221
57.146608,22.895149,15.3,222
72.097004,24.658769,14.319,223
83.961554,-5.274772,12.486,224
324.954,53.988,12.5,225
58.326613,25.921372,14.0,226
84.21558,-5.22497,13.6,227
83.6656,-5.051731,14.53,228
57.704,22.67006,13.553,229
66.234151,-40.046364,11.07,230
129.63371,18.46503,16.0,231
190.073625,-4.095194,50.0,232
83.905696,-3.851742,14.0,233
84.25925,-4.01192,16.0,234
274.7385277,66.192617,10.1,235
56.34788,24.85081,13.163,236
100.31562,9.438,12.31,237
59.12675,24.28853,16.06,238
36.220337,61.896214,10.37,239
56.98025,23.31833,14.3,240
66.92208,59.58797,11.3,241
57.55379,24.35189,12.68,242
56.52867,25.24586,14.5,243
52.20163,-27.31808,13.8,244
34.146279,-30.968706,10.28,245
57.98642,24.24469,14.7,246
57.549367,24.296069,13.26,247
83.95,-5.12,14.1,248
55.10079,24.5845,13.86,249
57.43021,24.31797,12.4,250
82.87771,-4.41403,15.4,251
83.599379,-0.948142,16.65,252
17.256258,-51.013747,15.27,254
54.92796,23.90775,14.2,255
217.42895219,-62.67948975,7.41,256
84.46408,-6.66431,12.083,257
57.18929,23.33894,12.08,258
310.471387,40.234,17.9,259
39.2758,6.9156,14.3,260
83.688121,-6.352019,14.041,261
329.42167912,-51.0061717,8.101,262
130.84335,19.200208,16.5,263
57.238942,24.328839,13.34,264
100.0,9.78,17.7,265
66.76146,22.28442,13.9,266
315.4008,68.1394,13.2,267
57.18896,24.62403,14.8,268
55.51217,23.93164,13.541,269
84.131333,-6.687081,13.989,270
83.32971,44.81633,9.8,271
56.51438,24.34922,15.2,272
83.01887,-3.67436,15.0,273
55.843967,23.129914,16.1,274
183.568908,0.623989,10.1,275
58.315391,22.870745,14.15,276
84.152271,-6.240328,14.327,277
95.3043303,44.2418584,10.8,278
66.87021,23.976,14.6,279
57.79808,24.38703,13.641,280
56.899392,24.874147,15.31,281
166.38055,43.521403,13.4,282
34.17165252,-30.98839109,9.406,283
186.304,23.607,14.7,284
84.975,-6.5467,16.2,285
56.937583,23.872,13.7,286
130.387,18.747,16.5,287
315.057363,17.520286,12.512,288
55.73738,24.2285,18.0,289
56.5839115,26.21549434,7.9,290
83.44721,-6.011,16.2,291
203.68002794,-8.34203992,7.93,292
54.264439,24.743233,13.72,293
85.64246,-6.67414,14.9,294
57.5465,23.92836,15.5,295
99.90313,10.33608,14.8,296
83.63712,-5.01122,14.3,297
254.42073624,35.26971029,9.91,298
71.109883,28.232219,14.461,300
159.00503,5.120226,9.922,301
131.692725,20.726253,14.7,302
19.863987,-26.365247,10.86,303
57.50775,25.21144,15.0,304
54.778046,23.999317,13.3,305
83.3,-5.7,14.7,306
56.22963,25.36147,12.0,307
312.42804,69.05772,16.3,308
83.4396,-6.9517,13.5,309
54.76857108,9.65283971,9.03,310
100.25,9.85,15.4,311
58.03312,25.46522,15.91,312
57.750196,-0.879244,18.02,313
56.157412,22.921039,13.379,314
254.29456276,35.28653422,8.12,315
56.53737,24.07258,15.6,316
129.642,19.258,15.2,317
83.6063,-4.3767,15.5,318
189.76958937,47.03973056,10.3,319
129.812,20.02,15.5,320
137.387229,42.750342,15.256,321
33.381521,60.434208,11.21,322
57.1358,23.4417,18.5,323
56.09608,24.06831,12.6,324
55.44617,22.85703,12.806,325
56.0095,25.06494,15.3,326
55.82721,23.56919,14.2,327
55.90238,23.13375,14.7,328
99.59288,10.01364,15.0,329
83.94646,-6.48625,14.5,330
312.663,41.022,16.6,331
56.70504,24.60003,13.05,332
143.20112,26.99564,12.1,333
84.561,-5.09717,14.8,334
84.57533,-5.08389,13.1,335
61.41204,5.74467,10.207,336
83.4363,-5.3511,14.0,337
313.7958,44.8236,15.5,338
315.30367,41.90328,11.7,339
83.990487,-5.385908,13.57,340
58.00683,25.02486,15.11,341
314.0805,43.24197,15.8,342
83.661228,-5.961986,12.09,343
52.163,-15.62592,14.37,344
82.22163,-3.87206,14.7,345
2.224663,20.840347,10.5,346
100.92754,9.2175,15.7,347
57.820196,23.826575,11.1,348
315.6529,42.3428,13.5,349
310.746683,67.135567,16.5,350
114.1046592,7.0786498,9.9,351
66.517983,17.120719,15.71,352
81.58046,-4.55764,16.2,353
54.43971,22.00864,14.5,354
57.25288,23.95869,14.1,355
352.3441565,41.4644895,8.5,356
84.34775,-5.72311,14.07,357
187.36304,22.99631,11.0,358
83.613784,-4.924607,13.2,359
83.860787,-4.935197,12.8,360
83.6411,-5.943908,14.25,361
224.47395,56.656733,11.2,362
309.3367559,21.9479389,9.7,363
83.570312,-5.072519,13.65,364
7.619467,62.83555,12.88,365
212.490138,29.156022,50.0,366
100.15,9.5,18.0,367
69.91096,23.01658,12.4,368
168.7162,-61.7603,14.6,369
83.930192,-5.154758,12.05,370
205.298438,14.063803,50.0,371
58.25704,22.66228,14.9,372
84.60788,-6.99775,14.384,373
172.85383,4.68792,50.0,374
82.37913,-5.53172,15.4,375
57.10854,25.21881,15.9,376
68.731,26.58347,14.1,377
83.07954,-6.56036,16.0,378
122.0549371,21.10507,8.0,379
296.4871,4.2461,14.0,380
313.00925,43.6335,14.3,381
55.51192,24.21011,13.926,382
29.383,-80.927,14.0,383
83.82188,-6.54619,15.3,384
85.04092,-7.16503,15.8,385
57.714342,23.329203,11.4,386
237.12354,-53.77422,50.0,387
62.02946,-71.45028,11.7,388
81.82271,-4.19997,17.1,389
314.45335,43.839889,14.0,390
57.69413,25.287,14.9,391
83.742483,-5.157658,13.9,392
54.680403,25.374271,13.744,393
56.54121,24.67364,12.81,394
83.642371,-4.807753,14.11,395
82.79908,-4.60778,14.1,396
54.702825,25.188786,12.25,397
299.318463,29.105864,15.0,398
84.6645,-5.63861,16.7,399
73.377229,-55.858794,11.77,400
56.31717,24.12119,13.823,401
57.9475,25.201858,11.87,402
186.111058,25.752158,13.8,403
58.89104,22.80892,12.62,404
58.55421,23.3475,14.107,405
36.41008,37.54278,10.9,406
69.50779,25.95311,17.1,407
112.770971,22.998536,13.523,408
192.26148488,66.11018451,9.2,409
98.85729,9.47422,14.5,410
58.76021,25.32572,15.7,411
340.84638,22.13831,11.3,412
70.719667,31.640117,14.318,413
293.16596,-6.44542,15.1,414
54.80065,25.2472,15.3,415
205.541283,-16.006483,13.213,416
83.994221,-4.490056,13.88,417
314.83471,41.92894,13.4,418
332.212,-47.18,50.0,419
68.72,22.33,16.7,420
57.302667,25.702092,14.0,421
82.6008,-4.9861,17.7,422
289.57142,-5.10147,14.1,423
58.66479,22.61008,14.9,424
85.10521,-6.26253,14.5,425
69.041917,24.031967,14.9,426
56.185604,24.175117,16.5,427
313.7329,42.9583,14.5,428
66.03325,23.91972,15.1,429
167.734387,40.345233,14.309,430
83.5371,-5.0283,17.5,431
306.81958,41.70056,16.2,432
56.55117,25.55044,12.7,433
56.96625,24.09647,15.9,434
130.123963,18.40255,13.45,435
59.32933,22.08992,17.6,436
353.5138895,0.17941044,8.881,437
308.056863,43.269,16.1,438
57.93208,24.18631,15.8,439
85.107108,24.802505,11.04,440
55.28363,23.21547,14.4,441
68.24579,26.24439,15.5,442
250.08617,67.60131,11.3,443
57.99717,24.66642,15.5,444
56.29275,24.39219,14.3,445
84.049175,-5.009067,13.63,446
83.4287,-4.9286,18.3,447
55.95188,25.04361,14.9,448
83.21271,-6.64653,14.2,449
83.04971,-4.72117,16.2,450
56.30588,23.51692,14.1,451
68.80487,22.98903,14.9,452
83.822246,-6.087764,13.38,453
191.44612,52.92186,11.0,454
84.35321,-5.07619,13.5,455
99.62071,9.19058,14.9,456
83.430212,-6.089864,14.58,457
17.3280024,-24.506577,11.52,458
313.878137,43.58015,16.8,459
56.76979,25.38061,13.61,460
99.82021,9.29472,14.5,461
167.9655939,33.5364664,9.7,462
57.90212,26.43381,15.0,463
83.866367,-6.160867,13.57,464
84.82429,-3.92022,15.2,465
172.7237274,44.2434428,13.655,466
55.404,23.777,16.7,467
149.8370936,43.8403217,10.9,468
83.8739,-5.812508,11.99,469
84.00933,-4.31094,15.5,470
55.02788,24.419,14.8,471
312.521,43.42,16.8,472
56.16505,24.528961,15.3,473
219.22092,58.34861,9.1,474
55.692508,23.453336,13.7,475
334.329155,-8.80339,10.57,476
57.017887,22.855522,13.0,477
84.36254,-5.51778,16.3,478
83.847675,-5.18105,12.056,479
56.57213,25.98653,14.7,480
42.040587,27.073828,15.75,481
83.54587,-6.79011,15.9,482
359.330654,-12.977975,10.41,483
83.54321,-4.47392,17.1,484
84.02875,-4.34378,14.9,485
56.44267,26.29947,14.0,486
68.517742,22.004067,15.6,487
313.11079,42.97703,15.0,488
83.50808,-4.76369,15.0,489
58.63996,23.32208,15.0,490
84.066004,-6.247425,14.38,491
84.169546,-6.867922,13.806,492
5.49087,49.21056,10.1,493
57.599554,24.478528,14.6,494
84.29175,-4.73833,15.0,495
313.91342,44.34122,15.4,496
55.40671,22.27847,16.65,497
56.708675,23.53232,14.8,498
57.19075,25.94725,16.4,499
331.523525,47.568714,13.188,500
10.2975,43.55586,13.2,501
82.69067,-6.87103,15.0,502
33.227424,0.004657,10.66,503
314.295,41.0733,16.2,504
83.67275,-5.79892,15.2,505
57.82946,24.17039,13.648,506
56.10663,24.68136,18.17,507
59.28792,22.03164,17.0,508
355.71975,30.82275,11.1,509
83.610492,-5.016894,15.14,510
56.73192,25.21019,15.8,511
58.547229,42.794197,14.489,512
239.5428924,49.4523087,9.8,513
85.067067,12.650214,6.73,514
83.68971,-4.07658,14.3,515
84.15438,-5.07811,14.1,516
84.16992,-4.35561,15.0,517
83.2954,-5.1458,13.93,518
57.91365,24.548906,11.06,519
47.42367,47.65183,15.1,520
57.737492,24.413711,14.9,521
311.03921,42.39786,15.1,522
83.51521,-4.95594,21.0,523
56.364617,23.632575,15.7,524
81.95963,-4.34456,15.2,525
57.793075,24.402267,13.7,526
97.34752788,-2.81396405,8.05,527
213.050662,-0.587925,15.76,528
58.70829,24.75992,15.5,529
55.651109,23.368023,14.68,530
57.06817,26.335,13.3,531
83.437492,-7.274208,15.21,532
259.97585005,26.50086345,8.42,533
83.3508,-6.4592,15.0,534
83.971167,-5.996669,17.3,535
54.170153,3.4887612,10.913,536
319.31361994,-38.86735993,6.68,537
59.035742,21.763314,16.8,538
83.36454,-7.70533,15.6,539
188.32243,9.021047,8.988,540
281.966471,27.950967,12.064,541
130.517,19.952,16.1,542
207.26662,26.97972,7.08,543
313.1087,43.5561,15.5,544
56.81554,22.35478,15.13,545
80.954142,22.544364,12.2,546
118.97487,83.38472,10.1,547
112.9904886,36.21938713,8.9,548
56.32075,25.26328,13.52,549
314.4855,43.87675,16.0,550
100.1558,9.9228,16.0,551
84.07979,-5.01061,14.1,552
314.3196,44.7272,14.8,553
159.6241009,48.5291003,10.5,554
84.113846,-5.778436,13.9,555
121.6213,15.6794,22.0,556
131.306596,17.724022,13.6,557
57.55167,24.53294,11.98,558
84.42188,-4.24372,16.5,559
99.48,9.5756,15.8,560
83.88021,-5.97594,16.6,561
50.843433,11.6870581,9.6,562
39.45,62.13,15.3,563
68.3491092,23.9908117,12.27,564
83.83529,-6.79053,13.801,565
56.920717,22.929975,11.14,566
84.22192,-6.58344,14.939,567
85.69117,-5.8305,13.5,568
97.961383,41.495969,11.0,569
192.27804,0.52833,50.0,570
128.467,19.462,16.6,571
36.848525,61.442436,11.8,572
55.30475,24.10089,14.7,573
84.3462,-6.0564,16.01,574
83.556092,-5.928272,14.18,575
67.51637,25.83417,15.0,576
82.73775,-4.21572,14.2,577
56.35867,24.75303,16.0,578
129.952,8.93839,12.07,579
129.65,21.765,14.3,580
56.43367,24.07411,12.51,581
83.680362,-6.284333,13.62,582
56.76492,24.15972,12.72,583
56.52875,24.56281,11.75,584
69.57,23.07,15.3,585
170.02011894,65.84648503,7.7,586
58.21546,22.52586,14.4,587
58.237338,22.433761,13.853,588
129.342,19.958,16.6,589
83.66304,-4.03597,15.2,590
57.506975,24.613528,13.5,591
85.89675,-6.24336,13.9,592
311.76137,67.33156,17.0,593
84.323,-6.21336,15.3,594
76.707992,-21.585897,9.07,595
83.69525,-0.43683,14.3,596
100.44129,9.55069,12.825,597
56.91396,24.45897,14.74,598
357.31258,10.09403,10.6,599
68.6,22.47,16.1,600
56.614762,23.575989,14.3,601
68.52383,25.35742,15.2,602
56.03667,23.07994,16.96,603
56.822258,22.215903,16.1,604
268.129,-36.13,16.7,605
54.75079,23.76856,15.3,606
268.475,-36.253,15.9,607
85.76075,-4.49986,11.2,608
85.56013,-7.16803,16.5,609
57.09483,23.97256,12.66,610
47.806608,61.137236,10.81,611
58.6165,23.83542,11.476,612
82.52442,-4.38325,13.8,613
57.68175,22.29386,15.0,614
83.71233,-5.70594,11.456,615
312.65829,40.91172,16.0,616
83.509071,-5.605422,12.142,617
55.67154,24.02861,15.56,618
57.66242,21.98228,15.4,619
163.04958,-61.38636,19.32,620
66.27775,23.56578,15.5,621
83.249596,-4.788356,14.13,622
83.6905,-6.36117,13.18,623
86.17788,-20.06453,14.0,624
83.87567,-6.20167,13.792,625
58.96258,24.20075,15.7,626
83.221362,-6.094889,14.5,627
55.80442,24.65542,13.61,628
83.81871,-5.05844,16.14,629
56.13775,25.75269,14.1,630
57.1085,25.24475,13.249,631
56.603221,24.465133,15.3,632
176.77262,70.033,10.5,633
84.946,-6.415,50.0,634
84.122004,-4.897514,14.21,635
84.049537,-5.265306,14.485,636
55.90233,23.20956,15.3,637
313.66229,43.92511,16.2,638
84.43417,-5.492,16.1,639
310.42603387,-22.32235692,8.351,640
68.62,22.42,15.9,641
100.25,9.97,17.5,642
83.7729,-4.8603,15.7,643
54.16,23.1456,19.0,644
39.75488084,-58.18714443,7.679,645
128.3418,20.721489,16.0,646
249.060188,-26.303536,12.0,648
244.521,6.282,50.0,649
63.81799845,-7.65287232,3.29,650
188.49679,23.44194,15.1,651
3.90292,-29.76678,14.31,652
66.53146,22.98614,14.6,653
85.57375,-5.62367,16.0,654
314.288,42.027,16.0,655
58.586108,22.111831,16.2,656
163.0135977,0.5440342,10.7,657
56.94967,22.55556,12.81,658
186.83,27.6,15.5,659
56.112,24.40883,13.692,660
224.652411,27.690926,50.0,661
184.2434662,31.1564812,13.73,662
83.15258,-4.69344,15.4,663
83.3908,-6.4317,16.4,664
313.7905,43.37869,14.8,665
84.166892,-5.206428,15.5,666
333.02673078,31.56140625,8.9,667
314.5,43.88,50.0,668
213.570861,-15.353485,13.63,669
46.404012,36.058831,13.161,670
313.3537,41.7622,14.6,671
254.605473,13.969637,10.1,672
81.98879,-4.99783,16.7,673
32.05171,15.14564,15.2,674
119.6268754,15.5000553,15.509,675
30.053996,13.051947,9.195,676
83.684912,-5.538544,13.075,677
56.151163,23.50313,14.011,678
81.99579,-5.67467,18.0,679
15.63430034,71.67981561,8.3,680
308.6996,42.5328,15.4,681
57.67975,26.22058,15.1,682
84.77563,-4.71381,15.5,683
59.26279,24.36464,12.9,684
126.34265,20.365767,13.5,685
83.947817,-5.380422,12.991,686
54.884641,24.267057,14.57,687
83.62113,-6.64772,14.0,688
54.11396,24.68822,14.4,689
195.13912,22.92789,15.76,690
84.011,-5.12681,14.5,691
148.93171,35.36172,10.0,692
67.170667,34.7112,14.939,693
66.21717,22.04497,14.3,694
312.76637,44.19461,13.8,695
56.9758,22.6572,16.6,696
84.2161,-5.143283,13.42,697
68.57704,23.942,13.9,698
83.42821,-6.70392,14.8,699
82.71375,-5.60656,15.2,700
246.564217,-23.7411,15.7,701
127.42,-41.56658,12.3,702
54.98617,22.47336,15.5,703
57.6915,21.87717,16.0,704
84.65929,-3.77347,15.0,705
55.54413,22.26078,15.8,706
85.56575,-4.32825,14.8,707
81.80375,-5.38125,14.1,708
202.9442212,29.2768387,9.15,709
57.958,24.19739,14.6,710
58.07912,25.59097,15.0,711
56.9585,24.78528,14.2,712
56.720996,26.359908,16.4,713
67.01546,24.40214,14.9,714
83.72167,-4.48419,12.4,715
298.4769524,44.4147459,9.78,716
70.754,23.677,14.2,717
56.10204,23.66328,15.0,718
84.273967,-4.789236,16.4,719
82.15421,-6.05417,14.7,720
84.356192,-5.718717,14.6,721
55.6095,24.23553,14.3,722
84.252825,-5.416958,16.0,723
209.96608,-5.38211,11.7,724
81.6735,-5.03889,15.1,725
306.34133,42.07917,16.8,726
58.15688,24.74864,13.2,727
66.8445,23.581,14.7,728
54.84,23.83372,15.7,729
56.300619,23.36479,14.91,730
206.43240272,14.89151763,6.363,731
100.3288,9.5983,16.5,732
268.879,-36.437,15.7,733
58.93867,26.26575,16.2,734
101.03963,8.2255,15.8,735
118.274637,34.948036,15.124,736
82.576675,-6.479506,15.0,737
30.4752924,73.5422362,13.784,738
267.842,-35.22,15.5,739
259.9977683,24.2014739,12.5,740
139.82896,38.52108,14.29,741
56.62992,24.11736,12.39,742
84.138,-3.71558,13.5,743
195.19409744,12.37573119,7.653,744
83.85717,-4.09236,14.2,745
278.841429,44.376575,19.9,746
55.98625,24.99353,13.764,747
58.226,25.29542,15.08,748
55.54054,22.52733,15.2,749
66.94379,24.01864,15.7,750
84.6504,-5.68,16.1,751
162.835821,36.123764,10.6,752
314.20221717,-4.84698057,9.266,753
55.9015,25.36056,14.9,754
84.01879,-5.15803,12.5,755
11.0054967,9.5494019,9.176,756
223.72904,41.14669,11.3,757
55.89225,25.59061,16.0,758
57.94788,24.26856,14.6,759
66.890237,16.872797,12.93,760
313.721,40.475,16.3,761
288.66315347,19.31769711,9.012,762
312.69288,41.965,14.1,763
184.829,27.222,15.4,764
99.38642,11.25603,15.0,765
57.61708,24.38339,15.8,766
15.61229,41.02897,11.2,767
51.687312,19.244525,11.1,768
120.25135,44.890136,14.469,769
273.90388,48.27442,50.0,770
58.07192,24.8745,15.0,771
55.96563,24.23781,15.0,772
86.94638,7.88692,15.5,773
67.68746,22.63008,15.5,774
87.48987,6.78292,13.7,775
42.957145,29.4868984,10.8,776
55.902608,24.2323,12.2,777
70.7295,25.27667,13.2,778
57.216017,22.8941,15.1,779
57.19208,25.129,15.3,780
312.25662,42.34714,15.9,781
83.584754,-4.982347,14.5,782
82.5285,-6.96989,16.4,783
83.72,-5.75,50.0,784
185.954079,24.132219,12.5,785
58.52933,22.89692,16.0,786
83.04183,-6.48692,13.5,787
84.1346,-4.4536,14.9,788
83.618833,-5.416081,12.085,789
176.935021,0.804567,8.184,790
83.94508,-4.30911,15.2,791
37.664954,61.007067,10.97,792
55.1813,22.2519,20.5,793
57.40325,23.48542,12.8,794
306.84754,41.322,15.0,795
55.97446,25.47506,15.2,796
66.2546,24.3019,14.3,797
82.00575,-6.89322,13.9,798
56.20904,24.91111,12.0,799
83.47817,-4.27422,13.0,800
168.9751371,55.3307309,9.6,801
149.82833,43.84044,10.7,802
56.647175,23.411778,12.85,803
55.49521,26.20597,14.32,804
83.12546,-3.99125,16.1,805
56.99771,24.50592,15.0,806
67.73229,24.83817,16.21,807
82.857929,-5.087747,16.0,808
313.75108,43.08117,14.3,809
318.01271,53.12828,16.0,810
56.07942,24.58847,15.1,811
61.32754,16.56853,13.6,812
56.630471,22.305523,13.6,813
84.829437,-6.921211,12.13,814
58.48863,23.34533,12.48,815
68.71175,22.30739,14.5,816
83.6746,-4.8061,14.2,817
313.94567,43.70486,16.6,818
354.73204,21.02272,11.0,819
58.12879,24.54436,13.978,820
85.71571,-5.31903,14.7,821
83.642729,-6.036033,14.45,822
83.8721,-7.1711,22.0,823
307.968621,43.181714,16.3,824
55.382933,35.114781,14.102,825
43.651358,28.237056,14.579,826
313.27938,42.62406,15.4,827
83.70346,-5.38833,13.032,828
58.75413,24.45831,14.1,829
58.12967,25.49444,15.1,830
83.891371,-6.242433,14.58,831
82.9398029,-4.2725681,10.2,832
83.62021,-5.78717,14.4,833
206.24304,77.26428,18.6,834
83.95571,-5.49433,15.2,835
339.927583,30.674533,50.0,836
315.87196,42.24889,16.4,837
206.85585,-15.9817,19.6,838
57.17071,23.23825,13.7,839
59.07929,23.93125,15.0,840
315.88875,41.19111,16.2,841
273.185,-33.4367,16.28,842
66.61817,26.60358,15.7,843
56.4142,23.754283,10.83,844
56.38721,24.30325,12.02,845
56.5229,23.2781,17.7,846
58.87083,23.77244,12.455,847
56.41267,25.22442,13.025,848
22.263554,33.505111,14.578,849
348.32073467,57.1683562,4.23,850
84.6254,-6.215,16.0,851
84.0295,-6.95369,15.3,852
55.33058,23.86172,14.7,853
55.7513,25.8408,18.77,854
69.552331,28.216698,12.249,855
57.58692,23.32372,16.4,856
55.46058,22.92158,21.0,857
84.95767,-4.92019,15.3,858
130.18908,-54.63161,17.5,859
129.1142,19.5925,16.1,860
83.631054,-6.722952,14.314,861
57.50904,23.86247,13.95,862
165.83414166,35.96988004,4.79,863
213.2705,-12.02397,10.734,864
82.78,-4.6,14.3,865
187.7312033,31.8700431,13.934,866
67.183,25.077,15.6,867
83.598371,-6.310814,13.75,868
332.6633,2.7633,50.0,869
33.89325,33.96161,10.8,870
57.98805,23.996814,14.5,871
40.21879,44.87681,10.4,872
313.10887,44.60131,16.2,873
54.46767,22.70725,14.4,874
83.36871,-6.03506,13.642,875
83.806171,-5.513369,13.904,876
84.2212,-4.9967,15.4,877
83.6,-6.37,50.0,878
56.78392,24.30686,14.26,879
55.7175,24.7019,13.0,880
56.45392,23.85289,12.51,881
328.5275,-27.7072,50.0,882
57.14783,24.20094,16.0,883
70.14238,-41.86519,12.5,884
83.17908,-3.96617,15.4,885
317.46721,-39.83786,11.7,886
28.2048866,-22.43485817,7.072,887
264.66514314,61.23778691,8.99,888
82.08867,-5.72719,14.4,889
56.787454,22.292125,15.8,890
186.739042,27.014906,11.1,891
310.577,69.27356,16.5,892
55.77087,25.74314,15.9,893
328.04340798,5.62662767,11.836,894
84.41204,-6.88147,16.141,895
197.395633,28.985161,11.14,896
54.95400923,33.47341892,9.05,897
56.53621,24.67592,13.1,898
308.585254,43.683964,15.49,899
129.1921,19.3156,14.6,900
57.97467,24.04769,13.96,901
259.5021,-19.2144,16.0,902
24.75642,-17.95011,13.2,903
58.96558,23.07486,13.3,904
56.243996,24.391175,15.7,905
57.04671,23.66217,14.1,906
66.046,22.915,16.3,907
83.237104,-5.213249,16.0,908
58.27213,24.76758,15.4,909
315.46875,42.62144,15.1,910
69.95079,23.91525,15.1,911
56.55788,24.02369,15.5,912
164.120271,7.014658,9.507,913
105.8465483,34.6976045,10.2,914
83.3325,-6.07314,14.081,915
83.52596,-6.51253,13.207,916
305.59992,38.79039,13.8,917
139.82933,38.52314,10.3,918
84.9446,-6.415,14.6,919
82.93,-7.29469,15.9,920
55.86092,24.99433,11.4,921
57.56358,24.22675,14.64,922
57.33713,24.55706,15.7,923
82.35558,-6.55047,13.5,924
59.42904,25.38528,15.1,925
83.762204,-6.090336,13.78,926
289.240092,5.150606,15.6,927
66.47958,24.07203,14.5,928
83.665475,-6.120353,13.72,929
64.32717,8.82281,10.75,930
254.27379,-4.34889,9.432,931
83.787483,-5.971419,12.96,932
83.37042,-5.32564,15.7,933
83.98875,-6.674475,14.29,934
144.9432054,-41.06755832,8.231,935
39.7225,62.45494,13.3,936
55.355484,22.548937,13.95,937
66.320483,8.067764,14.94,938
55.88375,22.88033,15.0,939
70.31825,22.57025,14.5,940
57.78096,24.48103,13.98,941
56.703251,23.068745,13.689,942
186.6,25.89,15.1,943
84.073762,-4.409636,14.2,944
253.897054,-8.394475,12.24,945
56.3017,22.6975,14.9,946
56.93742,24.80272,15.0,947
341.25021,-33.25717,10.379,948
326.43467,20.77992,11.0,949
55.688212,43.461139,14.611,950
84.040058,-6.174753,16.3,951
18.12766324,-16.99898204,8.938,952
83.84275,-4.266772,16.4,953
54.945367,25.428664,13.5,954
12.13505,37.350347,14.74,955
139.67262,26.76461,12.8,956
55.23908,25.8495,13.3,957
99.86571,8.36878,16.0,958
83.700663,-5.708042,12.659,959
55.61679,25.19233,15.5,960
56.66775,24.93103,12.3,961
100.36325,9.86928,16.6,962
57.245683,25.103958,12.33,963
84.93808,-3.42147,13.54,964
83.75808,-6.50356,13.204,965
83.617885,-6.173548,12.15,966
56.918229,24.301936,12.3,967
96.83008,15.385,18.6,968
58.44825,23.74197,14.5,969
310.82542,40.30567,16.2,970
57.33567,25.81803,12.34,971
165.21012,12.06967,12.0,972
56.46033,23.87394,12.09,973
56.80692,23.83153,13.31,974
189.93142,25.51269,11.4,975
84.634121,-5.067694,12.96,976
84.037437,-5.746653,15.4,977
57.81588,23.28228,12.87,978
82.44129,-3.80503,16.6,979
56.8445,23.73531,15.0,980
12.242597,44.585865,10.45,981
83.81875,-5.67167,13.594,982
56.46933,25.86175,12.86,983
83.71833,-6.19917,13.926,984
81.72129,-5.98489,15.2,985
131.186704,19.406161,15.5,986
63.840554,-7.654822,11.17,987
358.389379,10.249708,50.0,988
57.387617,24.534106,13.9,989
55.045481,26.111404,14.4,990
84.25387,-6.55308,15.987,991
83.61671,-5.99792,13.2,992
55.63,24.82267,15.8,993
84.86283,-3.95103,14.8,994
57.89633,23.47997,15.1,995
83.62313,-4.75075,15.4,996
31.7930903,64.2864937,11.1,997
57.1333,24.08,14.5,998
68.48283,25.13419,15.3,999
83.33746,-6.37594,15.2,1000
56.42371,25.68681,13.0,1001
56.25471,24.778107,12.5,1002
148.480133,20.946114,10.7,1003
274.46404,59.82703,18.9,1004
59.46167,24.86808,14.3,1005
82.28229,-6.16889,14.3,1006
55.989112,23.578325,13.5,1007
316.5696,44.6192,16.8,1008
34.7725,59.6917,14.8,1009
57.87475,23.89922,12.06,1010
82.13379,-4.11878,14.8,1011
84.29592,-2.85475,14.5,1012
91.2172339,-34.5600775,9.6,1013
58.62683,24.48469,15.0,1014
57.25408,24.90283,14.237,1015
309.068533,40.788578,16.2,1016
85.07967,-3.97011,13.9,1017
83.5305,-5.22931,12.624,1018
83.06107184,9.82080827,8.868,1019
85.99354,-5.96897,14.5,1020
83.70196,-5.6995,12.526,1021
57.07204,24.50444,14.29,1022
129.625,18.123,15.6,1023
68.85496,26.70933,15.3,1024
57.72483,24.76528,16.1,1025
15.07908178,-72.74327793,10.58,1026
306.56583,40.47111,15.0,1027
66.598,22.33222,14.1,1028
98.6925,10.45942,15.5,1029
83.78,-5.78,50.0,1030
55.51596,24.71261,11.73,1031
254.20236547,-39.09392275,8.773,1032
57.175575,25.007936,14.04,1033
84.29454,-6.59111,12.657,1034
56.877375,26.279125,14.2,1035
277.671604,45.205953,14.389,1036
56.11671,24.17156,13.46,1037
56.966929,22.880053,14.5,1038
83.607833,-4.940961,13.67,1039
56.05817,25.53764,14.07,1040
83.86525,-4.20083,15.9,1041
57.6415,24.87542,14.5,1042
59.40417,25.40556,15.5,1043
85.67925,-4.81892,16.1,1044
301.25912632,54.43424104,0.1,1045
83.25862,-4.14628,14.7,1046
185.1062868,0.5836734,8.71,1047
57.17421,25.02219,17.5,1048
83.698,-5.77503,13.9,1049
83.47088,-5.32872,12.324,1050
83.60492,-4.75303,15.3,1051
57.66567,23.01792,13.9,1052
57.15683,22.76933,12.69,1053
316.85542,66.50572,16.3,1054
131.933,18.355,15.5,1055
129.3451595,26.2066145,11.0,1056
83.719829,-5.465161,13.737,1057
259.87646,-19.44078,16.6,1058
298.260358,40.676067,15.53,1059
70.975,22.377,14.6,1060
82.08304,-3.44203,13.4,1061
83.889942,-6.306883,14.9,1062
47.809975,60.805356,13.7,1063
310.7048109,41.3833259,13.111,1064
83.72,-5.1,50.0,1065
246.33971,-26.40225,14.5,1066
157.878083,57.088456,11.1,1067
83.956475,-4.410686,14.2,1068
83.439396,-5.608989,14.34,1069
57.59546,22.18836,12.637,1070
83.347096,-5.907822,14.92,1071
67.25052,21.9226989,6.656,1072
301.93740551,-31.75398442,9.724,1073
55.98863,24.22236,15.1,1074
83.22988,-7.30092,16.2,1075
83.854642,-6.799047,13.194,1076
282.45567565,-23.83623032,7.703,1077
55.860144,22.711876,14.6,1078
57.55583,23.42747,16.3,1079
84.87683,-4.43486,12.8,1080
323.45375,-6.85278,13.807,1081
83.709575,-6.446781,14.361,1082
84.201058,-5.382536,16.3,1083
55.96213,23.27447,14.6,1084
82.682087,-6.109458,15.4,1085
56.88942,23.69253,13.16,1086
56.19933,24.21467,19.24,1087
58.03038,25.65017,16.2,1088
55.13183,24.54328,16.6,1089
185.529,27.723,13.0,1090
140.918075,32.329269,14.417,1091
101.91533,9.07511,14.8,1092
330.30468947,28.30690749,3.5,1093
315.13721,43.27283,14.5,1094
163.0593,5.919404,11.4,1095
84.103017,-6.087014,14.859,1096
288.621475,44.330817,18.4,1097
84.182388,-6.257933,14.567,1098
187.734846,-65.840103,11.09,1099
117.718075,22.530511,14.388,1100
66.12233,23.79403,14.4,1101
57.33129,24.80758,15.7,1102
84.06108,-5.62639,15.9,1103
56.619258,24.758994,12.59,1104
315.16433,42.36014,14.9,1105
59.09788,24.83244,11.6,1106
56.278282,23.614368,15.0,1107
56.30029,24.50511,16.0,1108
85.02263,-5.54575,16.1,1109
307.958,39.87,16.3,1110
352.9693165,19.9371906,12.165,1111
186.175,26.79,14.6,1112
89.982062,58.570892,10.5,1113
308.94279,41.19122,14.5,1114
82.75279,-5.70164,16.2,1115
15.49804,54.18272,11.4,1116
259.200854,77.881964,50.0,1117
83.88596,-4.33417,14.0,1118
84.07762,-5.0855,13.56,1119
260.95575,-21.89192,14.6,1120
311.4158,43.8125,15.6,1121
58.50363,22.76861,18.0,1122
57.14788,23.76822,14.3,1123
57.111463,25.058442,14.9,1124
55.8675,24.892,15.04,1125
83.19429,-3.23664,14.5,1126
56.957075,24.47115,14.5,1127
85.40429,-1.66453,15.0,1128
57.03683,24.49431,16.2,1129
207.266871,26.978931,8.01,1130
99.48308,8.229,15.3,1131
84.021438,-4.851111,13.88,1132
57.98,25.42,50.0,1133
56.63383,23.983,13.9,1134
130.283,17.817,17.5,1135
52.16221,-15.62142,13.933,1136
57.17613,24.62094,15.3,1137
55.129833,25.148058,14.22,1138
69.07,23.48,16.0,1139
30.646,60.47,11.9,1140
83.404346,-5.385281,13.89,1141
76.29919,-12.007934,10.35,1142
83.40004,-5.88178,15.4,1143
59.06479,25.48997,16.0,1144
56.575175,22.710069,15.6,1145
83.606446,-5.617297,15.076,1146
305.638646,41.484433,16.4,1147
57.295958,24.3476,13.1,1148
35.192746,2.977094,11.4,1149
100.11496,9.84769,15.6,1150
45.46412313,-16.59336397,7.887,1151
83.845162,53.267417,13.797,1152
57.385558,23.928514,14.8,1153
69.158113,23.042161,14.8,1154
58.54783,25.31194,15.25,1155
203.5754,-63.2367,50.0,1156
83.996829,-4.979511,13.77,1157
83.71104,-6.03964,12.4,1158
56.64963,23.96703,14.02,1159
19.3513,65.4353,11.1,1160
57.02425,23.03419,13.74,1161
55.461421,25.088672,15.1,1162
63.070965,64.7321425,10.6,1163
247.185596,-25.916347,15.6,1164
223.62182125,16.10106307,7.872,1165
55.90383,24.39394,14.3,1166
42.867,63.233,15.4,1167
162.945,-61.35436,19.8,1168
274.829746,48.313297,15.029,1169
83.774008,-5.565503,13.849,1170
56.96225,24.50525,13.732,1171
84.27046,-5.62019,15.8,1172
83.0271,-4.5794,15.6,1173
84.29521,-6.50422,14.739,1174
56.403,24.65189,13.88,1175
82.235471,12.531531,11.0,1176
313.24904,41.94003,15.7,1177
56.33325,26.05869,16.6,1178
83.46179,-7.02125,14.0,1179
82.38392,-7.40369,50.0,1180
234.86933,-12.56133,14.6,1181
311.95488,43.00103,15.9,1182
176.925404,0.251697,12.7,1183
83.450762,-4.657617,15.3,1184
357.150238,-27.660817,9.88,1185
205.17412,7.08664,15.5,1186
57.96075,22.89572,13.5,1187
83.82633,-5.40133,12.7,1188
84.15554,-5.73539,17.3,1189
41.06462098,25.52336356,8.115,1190
138.6028989,52.68641461,6.0,1191
83.675,-7.6042,15.2,1192
192.39246,9.47525,12.916,1193
83.178925,-6.610675,16.2,1194
83.607862,-6.06445,15.2,1195
82.66617,-7.05275,13.8,1196
246.51808,-24.96431,11.8,1197
128.126971,-1.577239,18.44,1198
55.506941,22.3908,15.0,1199
56.887692,25.638517,16.5,1200
56.98083,25.56597,15.0,1201
56.85767,22.34933,12.22,1202
83.69475,-4.96225,14.0,1203
57.321604,24.346981,16.6,1204
56.12529,25.59639,13.072,1205
83.711029,-4.592492,13.5,1206
66.3,22.05,16.2,1207
84.1865,-6.74125,15.214,1208
84.2704,-4.23,14.8,1209
83.65742,-4.32447,17.5,1210
56.76571,23.61633,12.89,1211
56.58565,24.44625,15.2,1212
83.5745,-3.55983,14.8,1213
30.6845,13.576,10.9,1214
345.512417,-2.194392,18.0,1215
247.8282842,40.8643895,11.0,1216
312.359,67.831,15.4,1217
56.49746,22.43742,16.0,1218
127.455604,26.776039,9.5,1219
83.011,-3.45983,14.5,1220
83.437421,-6.233474,12.693,1221
57.3995,22.15147,12.065,1222
83.702,-4.38619,16.2,1223
56.95738,24.42872,15.23,1224
248.86421,35.01603,9.8,1225
55.053046,23.159986,16.3,1226
56.36888,22.98456,17.11,1227
55.494367,22.950556,13.3,1228
56.92158,23.74033,12.37,1229
13.277,48.49403,10.9,1230
56.09129,24.76842,12.96,1231
57.06842,22.54458,12.754,1232
67.5998,17.499761,14.36,1233
34.75954,23.88197,10.9,1234
56.99887,24.73133,12.0,1235
83.25,-6.38,16.2,1236
68.16912,22.703,15.1,1237
55.905469,25.408987,13.978,1238
84.1204,-5.2456,50.0,1239
83.7339,-5.100489,14.1,1240
56.27738,23.68336,13.4,1241
83.89104,-5.63908,14.413,1242
35.3205,19.67219,50.0,1243
84.30792,-6.30375,13.8,1244
57.16842,24.60953,15.09,1245
102.7065,10.40139,15.0,1246
104.4879953,62.3220462,10.2,1247
323.09158,24.56164,9.7,1248
57.33579,24.77667,11.4,1249
56.701304,24.301675,13.57,1250
57.18033,24.5565,15.7,1251
54.599596,23.198583,13.9,1252
112.7553842,46.0073259,13.838,1253
83.75588,-1.75533,15.0,1254
83.43663,-5.23608,14.5,1255
83.61275,-5.54142,13.438,1256
66.3064456,17.2681778,13.044,1257
55.56467,25.04044,16.5,1258
130.402258,17.561928,13.2,1259
194.2197198,23.4974214,13.0,1260
138.59496486,52.68658906,6.0,1261
57.31408,24.56731,12.55,1262
83.867283,-5.170514,12.95,1263
83.485575,-5.113242,13.02,1264
198.87804,-64.63531,22.5,1265
100.44771,9.63131,16.5,1266
68.59125,25.52878,15.9,1267
84.2,-5.6,50.0,1268
84.496054,-6.979533,14.16,1269
56.65529,24.34353,10.97,1270
99.92929,9.17419,15.8,1271
83.49775,-4.71794,15.5,1272
56.309212,25.0888,12.716,1273
10.677,40.14033,16.4,1274
130.829971,48.025647,50.0,1275
56.82113,25.94419,16.7,1276
56.01496,26.236,15.2,1277
128.870325,18.205647,13.0,1278
69.09008,24.60161,15.0,1279
309.1067,40.020497,15.6,1280
162.052429,-11.335619,11.25,1281
85.73283,-7.31064,11.4,1282
82.98542,-4.44728,12.5,1283
55.62258,22.79061,13.07,1284
100.3,9.43,19.0,1285
84.135083,-6.678611,15.137,1286
58.2315,22.91583,15.0,1287
55.78467,25.61919,13.0,1288
82.827604,-6.035147,16.2,1289
55.736075,25.980692,17.79,1290
314.7754,42.6422,12.5,1291
57.89796,25.49981,15.2,1292
56.615738,23.5927,11.52,1293
241.87312,-23.13947,15.6,1294
17.855935,15.439305,11.03,1295
57.451813,22.180164,14.67,1296
129.592,20.228,15.0,1297
129.72087,19.86011,15.5,1298
352.347756,41.468578,10.0,1299
203.18586963,16.81083881,10.5,1300
57.80771,25.38656,14.3,1301
56.2995,23.11486,14.6,1302
139.84527782,62.05468646,10.0,1303
83.34596,-4.68367,15.0,1304
57.73588,25.58519,14.069,1305
3.76,-72.84239,12.7,1306
83.9005,-7.15142,14.6,1307
83.17779,-4.99203,14.7,1308
57.48237,24.74214,13.74,1309
57.12938,24.28153,13.58,1310
84.72183,-4.0475,16.7,1311
83.93975,-6.75547,14.814,1312
56.727492,24.986197,17.2,1313
57.25417,22.980446,13.23,1314
83.942179,-5.18105,13.113,1315
55.76633,25.3385,15.6,1316
111.203708,53.664497,17.8,1317
313.99608,40.94561,16.3,1318
83.988783,-6.260478,14.105,1319
56.19854,25.916,14.8,1320
55.536875,25.756892,13.8,1321
47.733,62.713,12.1,1322
56.93538,24.48444,14.3,1323
84.8104,-2.3269,14.8,1324
69.228,25.8475,15.4,1325
84.608,-7.142,16.1,1326
69.42054878,52.89361405,7.0,1327
83.07329,-6.76539,14.1,1328
312.743267,44.245667,15.7,1329
119.6290592,15.5040169,14.12,1330
57.38917,24.0105,14.0,1331
98.39433,10.04792,14.9,1332
83.42,-5.57,16.1,1333
185.47162,-63.79264,15.0,1334
56.443362,22.113069,18.31,1335
83.742729,-2.983603,14.1,1336
84.516233,-4.278569,13.0,1337
307.02435,40.277875,14.0,1338
85.92821,-4.90558,13.5,1339
58.14358,22.50217,13.606,1340
58.98504,25.30008,14.111,1341
338.3444136,-9.614927,10.07,1342
100.3,9.92,17.0,1343
311.39662,42.87036,16.5,1344
83.7492,-4.5847,18.0,1345
59.49846,24.4875,15.8,1346
69.7,22.965,16.1,1347
59.237842,24.809643,13.505,1348
68.15946,22.30714,14.3,1349
56.4942,22.3325,16.2,1350
56.84,22.36986,14.0,1351
8.1449965,7.4908214,12.253,1352
68.68833,22.33622,15.5,1353
57.75963,25.05547,12.12,1354
55.54546,24.08572,13.44,1355
80.72,-4.6,17.6,1356
32.2234271,49.4490206,9.6,1357
57.908425,23.183169,11.85,1358
351.417359,53.134899,13.5,1359
83.656975,-5.717911,13.32,1360
58.28967,26.00183,14.3,1361
56.877492,24.370589,13.502,1362
56.78058,23.22636,12.09,1363
83.689787,-4.602142,12.75,1364
163.06662,-61.39686,21.3,1365
85.6912,-5.8303,15.0,1366
314.01904,43.00769,16.6,1367
39.82229,7.47139,11.0,1368
56.60575,24.16014,13.37,1369
355.99786902,64.74136944,10.1,1370
30.196917,-10.355828,13.846,1371
82.88196,-4.20681,13.7,1372
130.712,18.235,16.1,1373
55.91263,23.73486,14.0,1374
84.80362,-6.82272,14.3,1375
55.49554,25.329,12.2,1376
84.042108,-5.368058,13.26,1377
185.4433,1.9422,50.0,1378
294.67025,27.59903,12.3,1379
68.67821,24.76981,15.0,1380
271.887196,-15.962906,10.31,1381
66.58163,22.54494,14.8,1382
83.895454,-5.487353,12.624,1383
313.442,44.34,15.9,1384
310.7712,44.3094,17.2,1385
55.721896,23.447108,11.91,1386
68.3545,22.68269,15.7,1387
55.829181,22.786299,15.4,1388
84.062229,-5.259356,13.34,1389
84.20417,-5.94697,14.9,1390
58.64496,21.88394,13.283,1391
84.1,-6.43,14.85,1392
84.312,-6.32772,16.5,1393
312.22462,41.21439,16.1,1394
81.77612,-6.39361,16.1,1395
129.1229,20.6592,17.0,1396
317.18945419,-4.42692608,9.4,1397
82.96242,-7.00158,14.1,1398
68.391525,20.746064,11.43,1399
55.11037,23.97314,13.5,1400
83.37158,-5.76139,18.0,1401
82.2321,-4.6958,13.6,1402
10.63433,41.67094,18.2,1403
55.65842,24.68889,15.7,1404
68.2175,26.5847,15.0,1405
131.837,19.442,16.1,1406
83.5779,-3.7753,15.3,1407
57.36517,24.53175,13.541,1408
55.5,23.358,15.5,1409
83.968838,-4.501517,13.13,1410
58.08187,23.62422,15.9,1411
55.98204,24.42639,12.539,1412
99.79608,9.33658,13.7,1413
57.31838,24.06367,13.033,1414
61.767833,33.485042,13.939,1415
352.55598627,-20.39096816,8.599,1416
57.53504,25.54892,15.02,1417
58.09092,24.66408,15.4,1418
83.409,-4.20875,14.4,1419
187.975,25.157,15.3,1420
57.13262,24.03306,15.1,1421
280.4058068,39.7033959,10.5,1422
131.55,18.783,15.7,1423
57.274408,23.739756,12.94,1424
58.60429,24.71214,15.49,1425
84.198071,-6.138975,14.322,1426
56.66671,23.78297,16.0,1427
184.747481,11.126083,10.1,1428
56.62567,22.22392,14.2,1429
66.77175,25.14122,15.6,1430
55.69812,25.29769,15.5,1431
314.489604,43.835819,16.28,1432
68.346,22.588,15.6,1433
83.47564,-6.110444,14.245,1434
56.487315,23.02478,15.1,1435
352.967383,19.937294,9.946,1436
57.33458,25.4285,14.8,1437
259.97076,26.500732,8.8,1438
100.41504,9.55553,14.5,1439
55.83571,24.44308,14.5,1440
54.72037,25.23644,12.43,1441
56.086911,23.561148,14.0,1442
84.915225,-5.460433,15.9,1443
313.09625,41.64094,16.1,1444
84.035,-4.48128,15.7,1445
56.84938,23.14922,14.51,1446
162.6593395,51.7504378,10.9,1447
83.984087,-5.874575,15.7,1448
311.56063,67.16322,15.2,1449
55.67658,23.50286,11.167,1450
57.7135,22.20075,14.0,1451
59.737621,23.708746,13.264,1452
83.73675,-6.76528,16.4,1453
315.81763,44.56464,14.6,1454
319.0242203,29.864172,9.8,1455
84.319771,-4.020739,15.4,1456
316.80179,42.42594,14.2,1458
316.73026646,38.74205645,3.55,1459
131.10821,51.64181,14.95,1460
84.29138,-6.76292,14.299,1461
278.9659145,80.0943417,10.3,1462
55.73846,25.51803,14.0,1463
69.301133,23.604478,16.3,1464
84.65579,-3.50564,16.1,1465
57.27463,23.10617,13.6,1466
100.13658,8.85039,16.6,1467
308.4242,44.3906,13.8,1468
55.60954,22.89467,12.64,1469
19.111083,55.291547,18.8,1470
278.32399984,22.31425134,7.642,1471
99.74254,8.36081,15.8,1472
187.5046,-62.3061,14.0,1473
83.23825,-5.67228,15.6,1474
67.6591306,22.9080206,12.563,1475
58.20288,21.70786,12.773,1476
129.046,20.027,21.0,1477
164.962421,41.172497,14.533,1478
82.97,-4.43,15.08,1479
66.618,22.51511,14.6,1480
56.52183,22.98167,12.319,1481
82.9325,-7.6053,15.0,1482
129.9637,20.580547,14.5,1483
57.93008,23.85078,15.9,1484
83.19742,-4.49908,14.0,1485
253.08096,57.75664,50.0,1486
84.48238,-6.41203,13.0,1487
56.29142,23.41922,15.0,1488
178.46946,6.99892,13.0,1489
277.54846,-24.87414,10.2,1490
57.59179,22.62575,15.3,1491
84.37775,-6.93511,13.929,1492
83.85546,-3.55814,14.6,1493
83.6696,-4.3592,15.0,1494
175.84833,25.30383,10.7,1495
83.27258,-4.95358,15.4,1496
184.553237,26.820958,12.78,1497
193.72965,-6.334428,16.13,1498
55.773034,24.824606,13.07,1499
315.2,44.163,16.6,1500
84.085704,-5.694361,13.99,1501
83.58642,-5.5135,13.116,1502
84.092477,-7.268454,14.321,1503
83.1021,-5.0547,15.0,1504
83.96067,-6.55483,13.978,1505
55.987472,23.951664,12.8,1506
130.154,19.488,50.0,1507
82.86,-5.61,15.2,1508
358.586554,61.817486,10.8,1509
83.721021,-5.057533,13.23,1510
66.06708,26.27531,14.2,1511
135.95,32.83,15.1,1512
310.79367,-69.71286,11.0,1513
244.27246917,55.26919386,8.55,1514
18.3501239,-22.9021473,13.955,1515
56.73788,23.25069,13.287,1516
57.80479,25.00214,15.7,1517
165.821012,49.807078,13.544,1518
66.33925,22.81781,14.5,1519
56.5054,23.7208,16.2,1520
58.420629,24.419389,13.784,1522
57.85167,24.08742,12.08,1523
56.01179,25.65633,11.763,1524
57.62533,22.00536,14.3,1525
129.791096,19.783036,14.8,1526
84.2396,-7.0367,14.8,1527
176.9197824,0.2555962,10.506,1528
311.217,43.733,14.3,1529
311.237,-31.307,50.0,1530
83.725208,-6.397417,12.486,1531
56.11762,25.26053,15.9,1532
236.522542,37.829394,18.05,1533
58.438725,25.926106,15.2,1534
58.64004,25.67881,12.55,1535
83.03729,-5.04219,13.5,1536
69.17042,26.72161,14.7,1537
55.767458,22.800989,12.96,1538
54.70629,23.86425,15.3,1539
57.16517,26.30436,15.6,1540
24.75604,-17.95056,12.7,1541
83.045,-4.92667,15.1,1542
56.153,24.601,15.9,1543
327.53624965,17.28584969,5.344,1544
83.15,-5.22,15.0,1545
83.746,-6.70492,14.276,1546
289.07229,-9.45364,14.1,1547
131.454,19.845,14.5,1548
56.20862,24.41756,13.9,1549
84.08567,-7.09217,13.622,1550
84.63313,-6.60689,15.2,1551
58.03638,26.14678,15.7,1552
56.861511,23.634094,14.0,1553
82.44875,-6.973269,16.26,1554
82.95571,-6.00539,13.1,1555
83.679771,-5.744453,14.38,1556
250.025,0.70522,10.6,1557
84.004596,-6.258736,13.498,1558
120.8525,38.30997,15.9,1559
54.7245,24.41886,13.96,1560
58.352042,25.035339,15.07,1561
55.58975,24.66467,12.66,1562
58.11904,24.85983,15.0,1563
83.582887,-6.313308,14.86,1564
132.0087,20.0983,16.3,1565
84.53888,-6.69589,17.1,1566
56.737808,25.070919,16.0,1567
82.77492,-4.07322,14.9,1568
127.642,19.037,14.9,1569
82.452412,-7.005664,13.4,1570
161.44267,-2.48567,50.0,1571
195.65088,6.03008,50.0,1572
58.953021,23.926772,12.563,1573
100.15917,9.49792,15.23,1574
84.8817,-2.8192,15.6,1575
28.143212,26.050836,50.0,1576
81.939875,-4.508136,13.5,1577
353.922204,6.189042,12.1,1578
83.58487,-3.45986,19.6,1579
55.096032,25.496622,14.16,1580
5.40527144,-46.09261184,9.93,1581
178.532967,9.806339,9.92,1582
66.65771,25.56494,13.1,1583
277.86408,-31.42469,14.9,1584
3.90471,63.88425,13.2,1585
15.83217,62.36547,10.4,1586
195.139608,5.685586,10.0,1587
55.01504,24.50086,16.4,1588
130.346,20.205,16.6,1589
128.930762,19.246806,13.4,1590
56.11371,24.84397,14.0,1591
83.15067,-4.11247,15.5,1592
57.09,25.72864,15.7,1593
67.849258,24.181369,13.7,1594
66.51383,24.70969,14.2,1595
83.5313,-6.0797,16.7,1596
224.159642,-28.163161,12.433,1597
99.981775,9.792161,13.927,1598
57.03317,23.73994,14.5,1599
83.437221,-5.519053,15.9,1600
83.62438,-3.67997,16.0,1601
70.97,26.5,18.7,1602
322.698487,-40.708058,10.35,1603
83.995487,-6.044367,15.5,1604
34.291383,35.442506,11.4,1605
83.892475,-6.662031,14.127,1606
11.14571,-18.95169,15.9,1607
57.023799,22.636011,15.0,1608
57.11679,23.30078,11.43,1609
54.13013,22.7825,11.1,1610
55.04033,23.17578,14.1,1611
57.166263,24.211967,14.12,1612
57.62483,25.05197,14.0,1613
85.27779,-5.70489,14.4,1614
83.47254,-6.28617,14.595,1615
54.783817,24.770717,13.573,1616
83.951625,-6.293378,11.9,1617
84.021508,-6.423722,13.331,1618
70.21908,22.84594,13.6,1619
57.98962,25.80878,14.96,1620
56.7125,26.3258,14.3,1621
55.79583,25.4175,14.3,1622
164.77658,30.25358,11.7,1623
58.719,24.57625,11.587,1624
55.613765,22.573578,14.45,1625
56.600204,23.038508,15.5,1626
356.38033,-16.17217,14.161,1627
55.02821,23.3655,14.4,1628
55.864304,22.628161,14.8,1629
57.77321,24.73681,12.35,1630
214.26229,31.71311,9.9,1631
57.97708,23.55883,14.357,1632
275.44267,-36.6175,15.2,1633
29.84797781,58.52113231,11.871,1634
267.483908,37.921664,15.16,1635
172.94381588,-41.04643896,8.838,1636
82.9621,-5.7019,15.6,1637
100.39758,9.822,16.3,1638
55.806229,24.386397,16.4,1639
57.84946,22.11339,11.828,1640
100.71808,10.31333,15.7,1641
201.831954,-31.177619,13.6,1642
83.985042,-4.191225,16.0,1643
86.46642,22.87986,13.0,1644
84.40279,-7.05128,14.5,1645
83.32625,-7.032,14.6,1646
84.96592,-3.78053,15.8,1647
130.696,21.02,19.5,1648
56.30475,24.25661,15.6,1649
83.824879,-5.827103,13.13,1650
55.414062,22.349172,16.2,1651
56.423258,24.075644,14.0,1652
69.8466392,33.5304192,13.941,1653
55.474317,23.545392,13.6,1654
57.50267,25.39886,11.67,1655
56.068531,23.617867,15.0,1656
56.53488,23.3475,12.26,1657
83.661429,-6.105369,12.81,1658
83.81167,-7.30194,14.7,1659
83.847879,-6.023667,13.24,1660
84.530279,-5.021733,15.19,1661
84.40971,-4.22017,15.1,1662
58.08588,24.56581,16.5,1663
57.29683,22.17681,12.1,1664
84.039546,-6.310092,13.061,1665
58.543121,23.093431,16.1,1666
10.42254,44.18142,14.251,1667
318.17095,48.931878,16.07,1668
85.17262,-6.50839,13.1,1669
92.64423054,-21.86464214,6.121,1670
1.8013,67.2114,17.1,1671
188.1096909,20.3910053,12.513,1672
84.40592,-5.87272,15.7,1673
100.72783,9.20564,14.9,1674
81.9483,-6.8353,16.0,1675
4.606242,44.027122,10.3,1676
56.23888,23.99236,14.0,1677
68.027167,34.883511,14.875,1678
174.607696,39.8564,13.87,1679
6.14492,30.04153,11.0,1680
48.934746,50.482036,11.33,1681
68.704,23.837,15.3,1682
359.2517,60.9317,13.9,1683
83.908777,-6.197967,16.33,1684
134.73467,8.4739078,8.05,1685
55.8005,24.74592,14.202,1686
67.75,24.83,18.0,1687
311.14046,67.39089,16.1,1688
57.97933,23.96175,13.4,1689
332.1646,45.5308,50.0,1690
279.06621,-32.73072,14.5,1691
216.9849621,-0.3719814,10.98,1692
315.65,42.33,50.0,1693
55.78154,25.57478,14.5,1694
49.49188,37.57156,14.5,1695
260.3404,-19.0894,17.4,1696
252.74146,22.45161,10.5,1697
127.9059283,19.3970228,11.8,1698
56.743908,24.461136,12.1,1699
130.3612,18.2344,15.6,1700
83.66292,-6.45589,14.048,1701
83.1533,-6.755,15.8,1702
187.26208,41.73047,9.9,1703
57.91692,22.08514,12.9,1704
57.85071,26.05325,14.02,1705
57.45579,25.11178,15.8,1706
69.60837,22.06703,13.9,1707
56.04129,24.26781,13.845,1708
56.79592,24.23103,14.0,1709
130.557533,20.357494,14.86,1710
57.09438,22.87269,13.67,1711
158.60792,46.30631,12.9,1712
56.20117,25.79358,15.5,1713
30.758867,61.2603,11.17,1714
82.30588,-3.67194,15.8,1715
4.72304,27.81389,10.8,1716
55.26242,23.72269,14.29,1717
84.32333,-3.52575,14.5,1718
129.562,19.47,11.0,1719
55.99671,22.57261,15.5,1720
84.155013,-5.813356,18.0,1721
57.60475,23.92833,15.2,1722
54.63625,23.40206,16.2,1723
291.7057539,16.7171131,10.43,1724
83.51854,-5.04897,14.6,1725
56.936115,22.398155,14.7,1726
54.87167,23.49939,12.5,1727
55.6485,21.841697,17.2,1728
56.539942,22.710397,14.64,1729
135.8115,42.12361,11.823,1730
56.84567,24.84897,14.36,1731
128.629,19.257,11.5,1732
312.70892,43.96492,17.1,1733
57.11075,23.19164,14.123,1734
213.132479,-59.424283,10.7,1735
82.23079,-4.33739,14.8,1736
336.56458,3.00208,13.8,1737
66.03904,15.08764,12.6,1738
84.3775,-3.54064,17.0,1739
57.64883,25.4265,10.987,1740
349.366969,19.613031,9.3,1741
86.004,-5.61281,14.8,1742
57.12354,23.00078,15.7,1743
40.493387,63.338675,11.57,1744
84.28629,-4.63994,16.1,1745
56.89033,24.68422,11.527,1746
100.27875,9.49,14.649,1747
51.42604,5.86442,10.8,1748
56.09854,23.79303,14.8,1749
306.16192,42.56892,15.5,1750
57.15662,22.25689,16.4,1751
58.07938,22.17558,13.5,1752
314.1004,43.2867,17.3,1753
353.19501707,-16.7520113,8.02,1754
82.89754,-7.18197,13.5,1755
83.950563,-5.899267,16.6,1756
83.943442,-5.683547,13.286,1757
204.4185,48.13172,10.7,1758
58.16229,22.45825,15.2,1759
145.71555466,70.03941612,10.0,1760
82.97942,-4.38139,14.6,1761
57.29765,22.273106,16.2,1762
57.487608,25.087533,14.5,1763
85.61471,-6.76703,15.5,1764
70.174446,23.021228,14.6,1765
83.165154,-3.603967,13.9,1766
57.91292,24.5915,14.96,1767
133.83471,-23.87086,13.722,1768
70.17,23.05,16.4,1769
165.79167,36.65236,10.4,1770
97.7547953,50.0467439,9.4,1771
56.39992,26.14261,13.3,1772
55.70029,25.91653,14.8,1773
58.05546,26.14364,14.186,1774
55.859151,26.041912,14.34,1775
57.400446,23.939839,14.76,1776
56.349696,24.732667,13.8,1777
189.18,46.85,15.6,1778
83.4863,-4.9833,14.9,1779
65.67233,25.58308,14.9,1780
56.78929,23.74219,12.85,1781
314.34271,43.96486,14.5,1782
55.79058,24.6925,13.73,1783
240.435429,30.461383,14.84,1784
67.17825,17.19719,50.0,1785
84.111275,-6.441386,12.529,1786
83.63254,-6.3805,13.546,1787
56.431008,26.084764,15.9,1788
335.77904,-17.60694,10.04,1789
57.26483,22.85325,15.0,1790
82.6525,-4.62736,15.4,1791
56.86992,22.37658,12.701,1792
57.74233,23.92858,14.4,1793
59.4196,25.2678,14.5,1794
56.72333,24.28753,13.53,1795
152.84225212,49.45423798,4.56,1796
69.63725,23.70106,15.5,1797
83.53004,-5.19558,12.849,1798
83.977617,-5.4521,13.415,1799
83.4366509,1.9454053,9.072,1800
57.96308,23.29483,13.5,1801
163.3965,-61.43844,19.62,1802
83.704575,-5.768056,13.6,1803
83.2946,-4.9853,16.5,1804
314.637212,42.87505,15.5,1805
56.69071,25.45847,14.21,1806
82.136667,-7.061278,16.9,1807
314.394038,43.158486,15.7,1808
59.10446,26.13658,17.1,1809
130.287,18.755,17.5,1810
57.3395,23.65183,14.41,1811
42.8925,37.8369,15.1,1812
56.64496,22.9355,13.0,1813
19.98733,-33.42786,13.6,1814
100.254,9.848,13.7,1815
128.0,21.247,16.2,1816
83.72054,-6.80933,14.496,1817
250.2283,-53.7594,14.27,1818
84.49604,-0.77067,15.0,1819
57.82396,25.04111,16.9,1820
58.59638,25.99281,15.0,1821
81.829133,-5.67335,15.4,1822
52.36121,49.34317,13.06,1823
83.38246,-6.40475,14.387,1824
84.07,-4.4,14.1,1825
56.389054,23.592775,14.8,1826
56.9054,25.3342,14.8,1827
139.142129,34.785256,14.384,1828
249.293871,6.741914,19.6,1829
100.27008,9.74258,15.4,1830
306.274662,58.343119,50.0,1831
57.10342,22.40731,13.03,1832
57.29696,23.55528,12.5,1833
319.4006353,-8.9031253,9.75,1834
137.413192,6.703039,13.35,1835
55.89796,26.35864,11.9,1836
69.56508,23.041,12.7,1837
56.59775,24.03094,13.3,1838
81.98413,-6.88294,13.6,1839
33.68496,59.79903,10.7,1840
3.41130363,80.6657816,9.4,1841
83.728767,-5.785814,15.3,1842
253.67912,46.90933,13.2,1843
100.0854,9.4775,15.8,1844
57.46579,21.30736,13.175,1845
85.4879,-5.9439,11.7,1846
55.92554,24.57317,15.4,1847
85.025629,-6.472275,15.0,1848
46.98230566,-28.21971258,8.372,1849
7.2248239,50.3758998,12.815,1850
341.70721547,44.33398802,8.28,1851
40.6205,63.21789,15.4,1852
336.9982,57.695911,10.3,1853
84.136763,-6.665258,13.544,1854
56.35267,25.04406,15.3,1855
55.390475,25.113522,13.2,1856
82.66004,-5.42878,14.0,1857
83.7414,-5.889344,13.86,1858
83.377895,-5.037462,15.9,1859
100.28,9.58,17.0,1860
83.55071,-3.15725,16.1,1861
83.94746,-5.22183,12.771,1862
84.151396,-5.609475,13.5,1863
130.6371,18.5633,16.2,1864
83.966755,-6.167134,13.29,1865
56.10338,24.76842,13.5,1866
55.74492,23.57503,13.1,1867
67.5554,25.1628,14.2,1868
312.82308,40.89475,15.9,1869
69.45987,24.86969,13.2,1870
313.295408,43.273997,15.4,1871
163.4365,-61.40014,19.3,1872
130.342,19.855,17.1,1873
35.559071,59.614742,12.84,1874
247.10137,-25.23453,15.0,1875
56.892,24.853,13.4,1876
81.93271,-4.08972,16.3,1877
38.8441603,23.575172,13.187,1878
47.873221,60.593339,11.3,1879
316.02717,43.58986,15.9,1880
83.2983,-4.9925,17.0,1881
58.086031,24.565491,14.7,1882
48.04342,61.95194,14.4,1883
82.229,-4.698,17.1,1884
83.962904,-5.119136,12.42,1885
56.69642,23.29319,16.0,1886
83.644527,-6.141063,14.8,1887
85.15358,-3.94267,14.2,1888
57.79058,23.94953,14.6,1889
67.10138,24.73736,15.8,1890
55.215865,23.230789,14.9,1891
119.53792,7.28375,10.5,1892
84.19621,-5.50953,15.7,1893
57.39546,23.45469,12.479,1894
65.534463,19.256067,12.55,1895
83.85104,-4.36792,16.6,1896
83.689404,-5.035522,13.66,1897
55.9025,23.45394,14.0,1898
83.962729,-5.252525,13.154,1899
84.0362,-5.3506,13.8,1900
83.643574,-4.686277,14.71,1901
68.837092,22.906736,12.8,1902
56.31938,24.57569,13.7,1903
57.67963,25.32828,15.7,1904
58.42008,24.05086,14.7,1905
34.1245015,13.5867748,11.3,1906
56.775937,24.303511,15.2,1907
20.44621,38.02208,11.3,1908
56.941293,24.633755,13.2,1909
270.0858045,44.3087687,10.1,1910
83.368837,-5.290631,13.22,1911
58.360617,25.5228,14.4,1912
315.0354,43.5189,16.0,1913
68.31004,24.36003,16.0,1914
74.02921,12.90422,21.1,1915
56.78558,23.71081,13.51,1916
57.124,23.96836,14.8,1917
85.15592,-3.43444,16.9,1918
39.2772,6.915583,16.0,1919
131.746,20.583,13.5,1920
128.77975,-53.07367,14.5,1921
57.10513,24.24061,14.44,1922
19.3513,65.4356,50.0,1923
198.26296,-64.65097,17.52,1924
302.074421,33.303403,11.2,1925
57.85779,24.79419,13.554,1926
83.7,-4.385,18.2,1927
83.69071,-5.72886,17.2,1928
85.52417,-5.42953,15.2,1929
243.764996,-23.904898,50.0,1930
0.36021,-30.43028,15.0,1931
58.16213,25.84047,14.8,1932
57.87917,24.34725,14.5,1933
68.580492,22.398675,14.3,1934
39.21546,-52.05103,9.727,1935
84.42829,-6.671145,12.168,1936
83.87913,-7.03569,14.8,1937
56.325585,25.099545,12.65,1938
41.42163,44.95086,13.6,1939
307.451435,9.688957,9.4,1940
132.710925,52.896178,11.4,1941
55.16679,24.73586,13.73,1942
217.657829,59.723594,13.31,1943
54.75671,23.52322,14.6,1944
83.8,-4.42,15.52,1945
29.9739042,60.2161278,10.8,1946
55.5196,25.8858,17.0,1947
56.37325,23.76053,11.891,1948
82.67792,-4.12847,13.6,1949
55.97675,23.35456,14.3,1950
57.723804,23.716933,14.4,1951
54.39113,17.85014,10.2,1952
129.6829,19.2903,15.8,1953
83.3679,-3.2072,15.4,1954
83.7288,-4.4569,15.8,1955
245.99683,-25.98378,13.8,1956
339.68879,-20.61442,8.77,1957
57.85554,23.88933,12.392,1958
68.349,25.58742,14.3,1959
56.37846,22.55772,14.8,1960
29.80158125,3.51924582,50.0,1961
312.6679,43.4472,15.8,1962
66.312883,8.048825,12.51,1963
1.52904,42.39219,50.0,1964
39.373808,0.357592,11.8,1965
83.97,-6.27,15.85,1966
47.709938,60.835942,11.9,1967
19.66467,50.30372,50.0,1968
100.20729,9.88294,15.719,1969
84.206917,-5.069278,13.67,1970
71.067,25.708,15.8,1971
346.52018015,63.9262106,9.1,1972
188.22808,-65.65092,13.9,1973
100.30554,9.46875,14.97,1974
59.428933,39.515325,15.039,1975
83.19717,-5.66186,15.0,1976
76.0615,11.05661,10.7,1977
57.94654,24.22231,14.6,1978
84.04371,-5.32914,12.5,1979
55.111796,23.838092,14.0,1980
218.044947,16.013748,10.5,1981
83.29917,-5.91653,15.6,1982
83.246881,-5.407238,16.16,1983
55.73558,24.08281,13.544,1984
56.909992,24.734258,16.42,1985
68.55717,12.27194,12.0,1986
56.197181,24.010532,17.5,1987
83.30604,-4.85911,14.7,1988
59.36957973,-1.15946107,6.724,1989
135.135586,46.586601,13.0,1990
83.35458,-4.05839,14.2,1991
83.954759,-6.6842,13.832,1992
83.391258,-5.557347,13.5,1993
56.09746,25.35839,16.8,1994
82.29796,-6.99269,15.1,1995
56.10283,24.86486,14.0,1996
56.53125,24.37439,12.83,1997
129.763417,20.043783,14.0,1998
24.03638,-26.87117,12.904,1999
57.0845,24.91536,12.7,2000
84.038654,-5.610786,16.2,2001
315.437,42.713,16.5,2002
56.92267,23.97194,12.11,2003
83.611483,-5.021606,13.5,2004
129.622613,20.540247,14.0,2005
352.93721,-2.74433,13.3,2006
55.475869,25.729809,14.19,2007
68.42,22.7,19.8,2008
56.79321,24.95519,16.0,2009
83.96721,-3.96878,15.0,2010
246.470117,-23.326753,11.213,2011
83.861796,-6.446542,13.225,2012
83.617583,-5.985839,14.8,2013
83.02108,-4.48789,16.1,2014
57.1,22.72,15.0,2015
359.45792,38.62969,9.9,2016
196.407421,-62.203428,10.53,2017
83.78808,-5.11311,13.9,2018
85.35771,-6.34686,12.5,2019
85.577875,-5.468928,14.1,2020
57.6025,22.4525,15.0,2021
57.055448,23.979752,12.7,2022
162.94442,-61.44386,17.62,2023
70.679,23.477,15.5,2024
69.325,23.017,16.1,2025
33.66663,61.34306,14.8,2026
